{
  "accuracy": 0.8389423076923077,
  "f1": 0.9044222539229673,
  "roc_auc": 0.7320517981749866,
  "confusion_matrix": [
    [
      32,
      60
    ],
    [
      7,
      317
    ]
  ],
  "report": "              precision    recall  f1-score   support\n\n           0      0.821     0.348     0.489        92\n           1      0.841     0.978     0.904       324\n\n    accuracy                          0.839       416\n   macro avg      0.831     0.663     0.696       416\nweighted avg      0.836     0.839     0.812       416\n"
}