{
  "accuracy": 0.7884615384615384,
  "f1": 0.8804347826086956,
  "roc_auc": 0.6470075147611379,
  "confusion_matrix": [
    [
      4,
      88
    ],
    [
      0,
      324
    ]
  ],
  "report": "              precision    recall  f1-score   support\n\n           0      1.000     0.043     0.083        92\n           1      0.786     1.000     0.880       324\n\n    accuracy                          0.788       416\n   macro avg      0.893     0.522     0.482       416\nweighted avg      0.834     0.788     0.704       416\n"
}